gpu_count,graph,N,device_fraction,method,method_name,median_us,p25_us,p75_us,throughput_nodes_per_s,log
1,erdos_renyi,2000,0.0,A,pointer-sharing,56,53,67,35714285.71428572,/home/victoryang00/CXLMemSim/artifact/splash_sweep/multigpu_scaling/n1/runs/rq1_N2000.stdout.log
1,erdos_renyi,2000,0.0,B,copy-based,951660,949486,951771,2101.590904314566,/home/victoryang00/CXLMemSim/artifact/splash_sweep/multigpu_scaling/n1/runs/rq1_N2000.stdout.log
1,erdos_renyi,2000,0.25,A,pointer-sharing,44,42,56,45454545.45454545,/home/victoryang00/CXLMemSim/artifact/splash_sweep/multigpu_scaling/n1/runs/rq1_N2000.stdout.log
1,erdos_renyi,2000,0.25,B,copy-based,982038,968711,985166,2036.5810691643296,/home/victoryang00/CXLMemSim/artifact/splash_sweep/multigpu_scaling/n1/runs/rq1_N2000.stdout.log
1,erdos_renyi,2000,0.5,A,pointer-sharing,44,43,58,45454545.45454545,/home/victoryang00/CXLMemSim/artifact/splash_sweep/multigpu_scaling/n1/runs/rq1_N2000.stdout.log
1,erdos_renyi,2000,0.5,B,copy-based,953719,949226,977167,2097.053744341887,/home/victoryang00/CXLMemSim/artifact/splash_sweep/multigpu_scaling/n1/runs/rq1_N2000.stdout.log
1,erdos_renyi,2000,0.75,A,pointer-sharing,44,42,49,45454545.45454545,/home/victoryang00/CXLMemSim/artifact/splash_sweep/multigpu_scaling/n1/runs/rq1_N2000.stdout.log
1,erdos_renyi,2000,0.75,B,copy-based,954001,953363,954055,2096.433861180439,/home/victoryang00/CXLMemSim/artifact/splash_sweep/multigpu_scaling/n1/runs/rq1_N2000.stdout.log
1,erdos_renyi,2000,1.0,A,pointer-sharing,51,44,52,39215686.2745098,/home/victoryang00/CXLMemSim/artifact/splash_sweep/multigpu_scaling/n1/runs/rq1_N2000.stdout.log
1,erdos_renyi,2000,1.0,B,copy-based,960975,951193,1046494,2081.219594682484,/home/victoryang00/CXLMemSim/artifact/splash_sweep/multigpu_scaling/n1/runs/rq1_N2000.stdout.log
1,barabasi_albert,2000,0.0,A,pointer-sharing,45,44,51,44444444.44444445,/home/victoryang00/CXLMemSim/artifact/splash_sweep/multigpu_scaling/n1/runs/rq1_N2000.stdout.log
1,barabasi_albert,2000,0.0,B,copy-based,960518,945324,987612,2082.2098076246357,/home/victoryang00/CXLMemSim/artifact/splash_sweep/multigpu_scaling/n1/runs/rq1_N2000.stdout.log
1,barabasi_albert,2000,0.25,A,pointer-sharing,45,44,52,44444444.44444445,/home/victoryang00/CXLMemSim/artifact/splash_sweep/multigpu_scaling/n1/runs/rq1_N2000.stdout.log
1,barabasi_albert,2000,0.25,B,copy-based,945389,945152,959288,2115.531278658838,/home/victoryang00/CXLMemSim/artifact/splash_sweep/multigpu_scaling/n1/runs/rq1_N2000.stdout.log
1,barabasi_albert,2000,0.5,A,pointer-sharing,45,44,51,44444444.44444445,/home/victoryang00/CXLMemSim/artifact/splash_sweep/multigpu_scaling/n1/runs/rq1_N2000.stdout.log
1,barabasi_albert,2000,0.5,B,copy-based,946451,945628,983806,2113.157469324878,/home/victoryang00/CXLMemSim/artifact/splash_sweep/multigpu_scaling/n1/runs/rq1_N2000.stdout.log
1,barabasi_albert,2000,0.75,A,pointer-sharing,48,45,49,41666666.666666664,/home/victoryang00/CXLMemSim/artifact/splash_sweep/multigpu_scaling/n1/runs/rq1_N2000.stdout.log
1,barabasi_albert,2000,0.75,B,copy-based,962365,944296,963694,2078.213567617276,/home/victoryang00/CXLMemSim/artifact/splash_sweep/multigpu_scaling/n1/runs/rq1_N2000.stdout.log
1,barabasi_albert,2000,1.0,A,pointer-sharing,45,43,51,44444444.44444445,/home/victoryang00/CXLMemSim/artifact/splash_sweep/multigpu_scaling/n1/runs/rq1_N2000.stdout.log
1,barabasi_albert,2000,1.0,B,copy-based,944953,943745,946128,2116.507381848621,/home/victoryang00/CXLMemSim/artifact/splash_sweep/multigpu_scaling/n1/runs/rq1_N2000.stdout.log
2,erdos_renyi,2000,0.0,A,pointer-sharing,92,88,107,21739130.43478261,/home/victoryang00/CXLMemSim/artifact/splash_sweep/multigpu_scaling/n2/runs/rq1_N2000.stdout.log
2,erdos_renyi,2000,0.0,B,copy-based,1028724,978804,1058686,1944.1560612953524,/home/victoryang00/CXLMemSim/artifact/splash_sweep/multigpu_scaling/n2/runs/rq1_N2000.stdout.log
2,erdos_renyi,2000,0.25,A,pointer-sharing,46,42,64,43478260.86956522,/home/victoryang00/CXLMemSim/artifact/splash_sweep/multigpu_scaling/n2/runs/rq1_N2000.stdout.log
2,erdos_renyi,2000,0.25,B,copy-based,1043628,1022426,1088850,1916.3916644628162,/home/victoryang00/CXLMemSim/artifact/splash_sweep/multigpu_scaling/n2/runs/rq1_N2000.stdout.log
2,erdos_renyi,2000,0.5,A,pointer-sharing,44,41,61,45454545.45454545,/home/victoryang00/CXLMemSim/artifact/splash_sweep/multigpu_scaling/n2/runs/rq1_N2000.stdout.log
2,erdos_renyi,2000,0.5,B,copy-based,1113306,1074602,1117394,1796.451290121494,/home/victoryang00/CXLMemSim/artifact/splash_sweep/multigpu_scaling/n2/runs/rq1_N2000.stdout.log
2,erdos_renyi,2000,0.75,A,pointer-sharing,49,48,57,40816326.530612245,/home/victoryang00/CXLMemSim/artifact/splash_sweep/multigpu_scaling/n2/runs/rq1_N2000.stdout.log
2,erdos_renyi,2000,0.75,B,copy-based,1052622,1043100,1099153,1900.0172901573405,/home/victoryang00/CXLMemSim/artifact/splash_sweep/multigpu_scaling/n2/runs/rq1_N2000.stdout.log
2,erdos_renyi,2000,1.0,A,pointer-sharing,51,44,58,39215686.2745098,/home/victoryang00/CXLMemSim/artifact/splash_sweep/multigpu_scaling/n2/runs/rq1_N2000.stdout.log
2,erdos_renyi,2000,1.0,B,copy-based,984092,980238,994861,2032.330310580718,/home/victoryang00/CXLMemSim/artifact/splash_sweep/multigpu_scaling/n2/runs/rq1_N2000.stdout.log
2,barabasi_albert,2000,0.0,A,pointer-sharing,45,44,52,44444444.44444445,/home/victoryang00/CXLMemSim/artifact/splash_sweep/multigpu_scaling/n2/runs/rq1_N2000.stdout.log
2,barabasi_albert,2000,0.0,B,copy-based,983159,976892,995311,2034.2589550622026,/home/victoryang00/CXLMemSim/artifact/splash_sweep/multigpu_scaling/n2/runs/rq1_N2000.stdout.log
2,barabasi_albert,2000,0.25,A,pointer-sharing,50,44,55,40000000.0,/home/victoryang00/CXLMemSim/artifact/splash_sweep/multigpu_scaling/n2/runs/rq1_N2000.stdout.log
2,barabasi_albert,2000,0.25,B,copy-based,1004877,969874,1012784,1990.293339383825,/home/victoryang00/CXLMemSim/artifact/splash_sweep/multigpu_scaling/n2/runs/rq1_N2000.stdout.log
2,barabasi_albert,2000,0.5,A,pointer-sharing,45,44,52,44444444.44444445,/home/victoryang00/CXLMemSim/artifact/splash_sweep/multigpu_scaling/n2/runs/rq1_N2000.stdout.log
2,barabasi_albert,2000,0.5,B,copy-based,973140,972713,1010729,2055.2027457508684,/home/victoryang00/CXLMemSim/artifact/splash_sweep/multigpu_scaling/n2/runs/rq1_N2000.stdout.log
2,barabasi_albert,2000,0.75,A,pointer-sharing,45,44,49,44444444.44444445,/home/victoryang00/CXLMemSim/artifact/splash_sweep/multigpu_scaling/n2/runs/rq1_N2000.stdout.log
2,barabasi_albert,2000,0.75,B,copy-based,975561,975067,976582,2050.102453870132,/home/victoryang00/CXLMemSim/artifact/splash_sweep/multigpu_scaling/n2/runs/rq1_N2000.stdout.log
2,barabasi_albert,2000,1.0,A,pointer-sharing,45,44,57,44444444.44444445,/home/victoryang00/CXLMemSim/artifact/splash_sweep/multigpu_scaling/n2/runs/rq1_N2000.stdout.log
2,barabasi_albert,2000,1.0,B,copy-based,976357,974861,979248,2048.4310554438593,/home/victoryang00/CXLMemSim/artifact/splash_sweep/multigpu_scaling/n2/runs/rq1_N2000.stdout.log
3,erdos_renyi,2000,0.0,A,pointer-sharing,45,45,54,44444444.44444445,/home/victoryang00/CXLMemSim/artifact/splash_sweep/multigpu_scaling/n3/runs/rq1_N2000.stdout.log
3,erdos_renyi,2000,0.0,B,copy-based,967396,956615,976653,2067.4056952892092,/home/victoryang00/CXLMemSim/artifact/splash_sweep/multigpu_scaling/n3/runs/rq1_N2000.stdout.log
3,erdos_renyi,2000,0.25,A,pointer-sharing,54,42,68,37037037.03703704,/home/victoryang00/CXLMemSim/artifact/splash_sweep/multigpu_scaling/n3/runs/rq1_N2000.stdout.log
3,erdos_renyi,2000,0.25,B,copy-based,983144,978510,983340,2034.2899921069547,/home/victoryang00/CXLMemSim/artifact/splash_sweep/multigpu_scaling/n3/runs/rq1_N2000.stdout.log
3,erdos_renyi,2000,0.5,A,pointer-sharing,44,43,57,45454545.45454545,/home/victoryang00/CXLMemSim/artifact/splash_sweep/multigpu_scaling/n3/runs/rq1_N2000.stdout.log
3,erdos_renyi,2000,0.5,B,copy-based,983740,967197,1008248,2033.057515197105,/home/victoryang00/CXLMemSim/artifact/splash_sweep/multigpu_scaling/n3/runs/rq1_N2000.stdout.log
3,erdos_renyi,2000,0.75,A,pointer-sharing,44,41,49,45454545.45454545,/home/victoryang00/CXLMemSim/artifact/splash_sweep/multigpu_scaling/n3/runs/rq1_N2000.stdout.log
3,erdos_renyi,2000,0.75,B,copy-based,975809,970781,1068580,2049.581424233636,/home/victoryang00/CXLMemSim/artifact/splash_sweep/multigpu_scaling/n3/runs/rq1_N2000.stdout.log
3,erdos_renyi,2000,1.0,A,pointer-sharing,44,43,53,45454545.45454545,/home/victoryang00/CXLMemSim/artifact/splash_sweep/multigpu_scaling/n3/runs/rq1_N2000.stdout.log
3,erdos_renyi,2000,1.0,B,copy-based,984886,982587,1006677,2030.6918770294226,/home/victoryang00/CXLMemSim/artifact/splash_sweep/multigpu_scaling/n3/runs/rq1_N2000.stdout.log
3,barabasi_albert,2000,0.0,A,pointer-sharing,45,43,53,44444444.44444445,/home/victoryang00/CXLMemSim/artifact/splash_sweep/multigpu_scaling/n3/runs/rq1_N2000.stdout.log
3,barabasi_albert,2000,0.0,B,copy-based,1002669,974533,1037282,1994.6762091976514,/home/victoryang00/CXLMemSim/artifact/splash_sweep/multigpu_scaling/n3/runs/rq1_N2000.stdout.log
3,barabasi_albert,2000,0.25,A,pointer-sharing,49,45,52,40816326.530612245,/home/victoryang00/CXLMemSim/artifact/splash_sweep/multigpu_scaling/n3/runs/rq1_N2000.stdout.log
3,barabasi_albert,2000,0.25,B,copy-based,980890,967418,1013515,2038.964613769128,/home/victoryang00/CXLMemSim/artifact/splash_sweep/multigpu_scaling/n3/runs/rq1_N2000.stdout.log
3,barabasi_albert,2000,0.5,A,pointer-sharing,45,43,57,44444444.44444445,/home/victoryang00/CXLMemSim/artifact/splash_sweep/multigpu_scaling/n3/runs/rq1_N2000.stdout.log
3,barabasi_albert,2000,0.5,B,copy-based,1015861,984031,1042326,1968.773286896534,/home/victoryang00/CXLMemSim/artifact/splash_sweep/multigpu_scaling/n3/runs/rq1_N2000.stdout.log
3,barabasi_albert,2000,0.75,A,pointer-sharing,46,43,50,43478260.86956522,/home/victoryang00/CXLMemSim/artifact/splash_sweep/multigpu_scaling/n3/runs/rq1_N2000.stdout.log
3,barabasi_albert,2000,0.75,B,copy-based,994360,991534,1017726,2011.3439800474678,/home/victoryang00/CXLMemSim/artifact/splash_sweep/multigpu_scaling/n3/runs/rq1_N2000.stdout.log
3,barabasi_albert,2000,1.0,A,pointer-sharing,46,43,52,43478260.86956522,/home/victoryang00/CXLMemSim/artifact/splash_sweep/multigpu_scaling/n3/runs/rq1_N2000.stdout.log
3,barabasi_albert,2000,1.0,B,copy-based,994844,978568,1000478,2010.365444230452,/home/victoryang00/CXLMemSim/artifact/splash_sweep/multigpu_scaling/n3/runs/rq1_N2000.stdout.log
4,erdos_renyi,2000,0.0,A,pointer-sharing,58,54,68,34482758.62068965,/home/victoryang00/CXLMemSim/artifact/splash_sweep/multigpu_scaling/n4/runs/rq1_N2000.stdout.log
4,erdos_renyi,2000,0.0,B,copy-based,943667,942642,961098,2119.3916921965056,/home/victoryang00/CXLMemSim/artifact/splash_sweep/multigpu_scaling/n4/runs/rq1_N2000.stdout.log
4,erdos_renyi,2000,0.25,A,pointer-sharing,54,42,57,37037037.03703704,/home/victoryang00/CXLMemSim/artifact/splash_sweep/multigpu_scaling/n4/runs/rq1_N2000.stdout.log
4,erdos_renyi,2000,0.25,B,copy-based,945978,945270,983372,2114.21407263171,/home/victoryang00/CXLMemSim/artifact/splash_sweep/multigpu_scaling/n4/runs/rq1_N2000.stdout.log
4,erdos_renyi,2000,0.5,A,pointer-sharing,57,44,58,35087719.298245616,/home/victoryang00/CXLMemSim/artifact/splash_sweep/multigpu_scaling/n4/runs/rq1_N2000.stdout.log
4,erdos_renyi,2000,0.5,B,copy-based,942378,940904,954441,2122.2906307235526,/home/victoryang00/CXLMemSim/artifact/splash_sweep/multigpu_scaling/n4/runs/rq1_N2000.stdout.log
4,erdos_renyi,2000,0.75,A,pointer-sharing,49,42,49,40816326.530612245,/home/victoryang00/CXLMemSim/artifact/splash_sweep/multigpu_scaling/n4/runs/rq1_N2000.stdout.log
4,erdos_renyi,2000,0.75,B,copy-based,942099,939671,968398,2122.9191411942907,/home/victoryang00/CXLMemSim/artifact/splash_sweep/multigpu_scaling/n4/runs/rq1_N2000.stdout.log
4,erdos_renyi,2000,1.0,A,pointer-sharing,44,43,53,45454545.45454545,/home/victoryang00/CXLMemSim/artifact/splash_sweep/multigpu_scaling/n4/runs/rq1_N2000.stdout.log
4,erdos_renyi,2000,1.0,B,copy-based,944919,940450,959332,2116.5835378482175,/home/victoryang00/CXLMemSim/artifact/splash_sweep/multigpu_scaling/n4/runs/rq1_N2000.stdout.log
4,barabasi_albert,2000,0.0,A,pointer-sharing,45,43,71,44444444.44444445,/home/victoryang00/CXLMemSim/artifact/splash_sweep/multigpu_scaling/n4/runs/rq1_N2000.stdout.log
4,barabasi_albert,2000,0.0,B,copy-based,942404,940441,958733,2122.2320788112106,/home/victoryang00/CXLMemSim/artifact/splash_sweep/multigpu_scaling/n4/runs/rq1_N2000.stdout.log
4,barabasi_albert,2000,0.25,A,pointer-sharing,45,43,53,44444444.44444445,/home/victoryang00/CXLMemSim/artifact/splash_sweep/multigpu_scaling/n4/runs/rq1_N2000.stdout.log
4,barabasi_albert,2000,0.25,B,copy-based,937706,936409,955631,2132.8646718694345,/home/victoryang00/CXLMemSim/artifact/splash_sweep/multigpu_scaling/n4/runs/rq1_N2000.stdout.log
4,barabasi_albert,2000,0.5,A,pointer-sharing,45,43,63,44444444.44444445,/home/victoryang00/CXLMemSim/artifact/splash_sweep/multigpu_scaling/n4/runs/rq1_N2000.stdout.log
4,barabasi_albert,2000,0.5,B,copy-based,942232,940743,945323,2122.619482250656,/home/victoryang00/CXLMemSim/artifact/splash_sweep/multigpu_scaling/n4/runs/rq1_N2000.stdout.log
4,barabasi_albert,2000,0.75,A,pointer-sharing,45,44,51,44444444.44444445,/home/victoryang00/CXLMemSim/artifact/splash_sweep/multigpu_scaling/n4/runs/rq1_N2000.stdout.log
4,barabasi_albert,2000,0.75,B,copy-based,972656,937141,1023373,2056.225428106134,/home/victoryang00/CXLMemSim/artifact/splash_sweep/multigpu_scaling/n4/runs/rq1_N2000.stdout.log
4,barabasi_albert,2000,1.0,A,pointer-sharing,45,43,59,44444444.44444445,/home/victoryang00/CXLMemSim/artifact/splash_sweep/multigpu_scaling/n4/runs/rq1_N2000.stdout.log
4,barabasi_albert,2000,1.0,B,copy-based,937940,937430,945649,2132.332558585837,/home/victoryang00/CXLMemSim/artifact/splash_sweep/multigpu_scaling/n4/runs/rq1_N2000.stdout.log
5,erdos_renyi,2000,0.0,A,pointer-sharing,56,53,66,35714285.71428572,/home/victoryang00/CXLMemSim/artifact/splash_sweep/multigpu_scaling/n5/runs/rq1_N2000.stdout.log
5,erdos_renyi,2000,0.0,B,copy-based,978366,949654,1069108,2044.224758423739,/home/victoryang00/CXLMemSim/artifact/splash_sweep/multigpu_scaling/n5/runs/rq1_N2000.stdout.log
5,erdos_renyi,2000,0.25,A,pointer-sharing,44,42,57,45454545.45454545,/home/victoryang00/CXLMemSim/artifact/splash_sweep/multigpu_scaling/n5/runs/rq1_N2000.stdout.log
5,erdos_renyi,2000,0.25,B,copy-based,950763,949372,970222,2103.573656105675,/home/victoryang00/CXLMemSim/artifact/splash_sweep/multigpu_scaling/n5/runs/rq1_N2000.stdout.log
5,erdos_renyi,2000,0.5,A,pointer-sharing,44,42,57,45454545.45454545,/home/victoryang00/CXLMemSim/artifact/splash_sweep/multigpu_scaling/n5/runs/rq1_N2000.stdout.log
5,erdos_renyi,2000,0.5,B,copy-based,951454,950478,953484,2102.0459212951964,/home/victoryang00/CXLMemSim/artifact/splash_sweep/multigpu_scaling/n5/runs/rq1_N2000.stdout.log
5,erdos_renyi,2000,0.75,A,pointer-sharing,44,41,48,45454545.45454545,/home/victoryang00/CXLMemSim/artifact/splash_sweep/multigpu_scaling/n5/runs/rq1_N2000.stdout.log
5,erdos_renyi,2000,0.75,B,copy-based,951757,951641,958599,2101.376716956114,/home/victoryang00/CXLMemSim/artifact/splash_sweep/multigpu_scaling/n5/runs/rq1_N2000.stdout.log
5,erdos_renyi,2000,1.0,A,pointer-sharing,44,43,53,45454545.45454545,/home/victoryang00/CXLMemSim/artifact/splash_sweep/multigpu_scaling/n5/runs/rq1_N2000.stdout.log
5,erdos_renyi,2000,1.0,B,copy-based,948693,948101,976718,2108.163547111658,/home/victoryang00/CXLMemSim/artifact/splash_sweep/multigpu_scaling/n5/runs/rq1_N2000.stdout.log
5,barabasi_albert,2000,0.0,A,pointer-sharing,45,44,51,44444444.44444445,/home/victoryang00/CXLMemSim/artifact/splash_sweep/multigpu_scaling/n5/runs/rq1_N2000.stdout.log
5,barabasi_albert,2000,0.0,B,copy-based,947078,945380,988046,2111.758482405884,/home/victoryang00/CXLMemSim/artifact/splash_sweep/multigpu_scaling/n5/runs/rq1_N2000.stdout.log
5,barabasi_albert,2000,0.25,A,pointer-sharing,45,43,51,44444444.44444445,/home/victoryang00/CXLMemSim/artifact/splash_sweep/multigpu_scaling/n5/runs/rq1_N2000.stdout.log
5,barabasi_albert,2000,0.25,B,copy-based,945250,943655,972656,2115.842369743454,/home/victoryang00/CXLMemSim/artifact/splash_sweep/multigpu_scaling/n5/runs/rq1_N2000.stdout.log
5,barabasi_albert,2000,0.5,A,pointer-sharing,45,44,53,44444444.44444445,/home/victoryang00/CXLMemSim/artifact/splash_sweep/multigpu_scaling/n5/runs/rq1_N2000.stdout.log
5,barabasi_albert,2000,0.5,B,copy-based,945678,944628,983588,2114.884770503279,/home/victoryang00/CXLMemSim/artifact/splash_sweep/multigpu_scaling/n5/runs/rq1_N2000.stdout.log
5,barabasi_albert,2000,0.75,A,pointer-sharing,45,43,48,44444444.44444445,/home/victoryang00/CXLMemSim/artifact/splash_sweep/multigpu_scaling/n5/runs/rq1_N2000.stdout.log
5,barabasi_albert,2000,0.75,B,copy-based,964141,946836,965839,2074.3853855400816,/home/victoryang00/CXLMemSim/artifact/splash_sweep/multigpu_scaling/n5/runs/rq1_N2000.stdout.log
5,barabasi_albert,2000,1.0,A,pointer-sharing,45,43,51,44444444.44444445,/home/victoryang00/CXLMemSim/artifact/splash_sweep/multigpu_scaling/n5/runs/rq1_N2000.stdout.log
5,barabasi_albert,2000,1.0,B,copy-based,947937,945840,965875,2109.844852558767,/home/victoryang00/CXLMemSim/artifact/splash_sweep/multigpu_scaling/n5/runs/rq1_N2000.stdout.log
6,erdos_renyi,2000,0.0,A,pointer-sharing,44,42,53,45454545.45454545,/home/victoryang00/CXLMemSim/artifact/splash_sweep/multigpu_scaling/n6/runs/rq1_N2000.stdout.log
6,erdos_renyi,2000,0.0,B,copy-based,971757,970986,1021275,2058.127700649442,/home/victoryang00/CXLMemSim/artifact/splash_sweep/multigpu_scaling/n6/runs/rq1_N2000.stdout.log
6,erdos_renyi,2000,0.25,A,pointer-sharing,44,42,57,45454545.45454545,/home/victoryang00/CXLMemSim/artifact/splash_sweep/multigpu_scaling/n6/runs/rq1_N2000.stdout.log
6,erdos_renyi,2000,0.25,B,copy-based,971900,970708,972726,2057.824879102788,/home/victoryang00/CXLMemSim/artifact/splash_sweep/multigpu_scaling/n6/runs/rq1_N2000.stdout.log
6,erdos_renyi,2000,0.5,A,pointer-sharing,45,43,60,44444444.44444445,/home/victoryang00/CXLMemSim/artifact/splash_sweep/multigpu_scaling/n6/runs/rq1_N2000.stdout.log
6,erdos_renyi,2000,0.5,B,copy-based,969987,969518,1054736,2061.883303590667,/home/victoryang00/CXLMemSim/artifact/splash_sweep/multigpu_scaling/n6/runs/rq1_N2000.stdout.log
6,erdos_renyi,2000,0.75,A,pointer-sharing,44,42,49,45454545.45454545,/home/victoryang00/CXLMemSim/artifact/splash_sweep/multigpu_scaling/n6/runs/rq1_N2000.stdout.log
6,erdos_renyi,2000,0.75,B,copy-based,993896,984306,998631,2012.282975281116,/home/victoryang00/CXLMemSim/artifact/splash_sweep/multigpu_scaling/n6/runs/rq1_N2000.stdout.log
6,erdos_renyi,2000,1.0,A,pointer-sharing,44,42,53,45454545.45454545,/home/victoryang00/CXLMemSim/artifact/splash_sweep/multigpu_scaling/n6/runs/rq1_N2000.stdout.log
6,erdos_renyi,2000,1.0,B,copy-based,975163,964985,981444,2050.9391763223175,/home/victoryang00/CXLMemSim/artifact/splash_sweep/multigpu_scaling/n6/runs/rq1_N2000.stdout.log
6,barabasi_albert,2000,0.0,A,pointer-sharing,46,43,53,43478260.86956522,/home/victoryang00/CXLMemSim/artifact/splash_sweep/multigpu_scaling/n6/runs/rq1_N2000.stdout.log
6,barabasi_albert,2000,0.0,B,copy-based,989068,982446,1032891,2022.1056590648975,/home/victoryang00/CXLMemSim/artifact/splash_sweep/multigpu_scaling/n6/runs/rq1_N2000.stdout.log
6,barabasi_albert,2000,0.25,A,pointer-sharing,45,43,53,44444444.44444445,/home/victoryang00/CXLMemSim/artifact/splash_sweep/multigpu_scaling/n6/runs/rq1_N2000.stdout.log
6,barabasi_albert,2000,0.25,B,copy-based,1009839,985531,1023845,1980.5137254552458,/home/victoryang00/CXLMemSim/artifact/splash_sweep/multigpu_scaling/n6/runs/rq1_N2000.stdout.log
6,barabasi_albert,2000,0.5,A,pointer-sharing,45,43,53,44444444.44444445,/home/victoryang00/CXLMemSim/artifact/splash_sweep/multigpu_scaling/n6/runs/rq1_N2000.stdout.log
6,barabasi_albert,2000,0.5,B,copy-based,1050186,1023149,1072999,1904.4245495559835,/home/victoryang00/CXLMemSim/artifact/splash_sweep/multigpu_scaling/n6/runs/rq1_N2000.stdout.log
6,barabasi_albert,2000,0.75,A,pointer-sharing,45,43,49,44444444.44444445,/home/victoryang00/CXLMemSim/artifact/splash_sweep/multigpu_scaling/n6/runs/rq1_N2000.stdout.log
6,barabasi_albert,2000,0.75,B,copy-based,1027146,1007424,1062247,1947.1428599244898,/home/victoryang00/CXLMemSim/artifact/splash_sweep/multigpu_scaling/n6/runs/rq1_N2000.stdout.log
6,barabasi_albert,2000,1.0,A,pointer-sharing,45,44,52,44444444.44444445,/home/victoryang00/CXLMemSim/artifact/splash_sweep/multigpu_scaling/n6/runs/rq1_N2000.stdout.log
6,barabasi_albert,2000,1.0,B,copy-based,997432,987900,1035129,2005.149223205191,/home/victoryang00/CXLMemSim/artifact/splash_sweep/multigpu_scaling/n6/runs/rq1_N2000.stdout.log
7,erdos_renyi,2000,0.0,A,pointer-sharing,44,41,55,45454545.45454545,/home/victoryang00/CXLMemSim/artifact/splash_sweep/multigpu_scaling/n7/runs/rq1_N2000.stdout.log
7,erdos_renyi,2000,0.0,B,copy-based,951523,951501,952939,2101.893490751143,/home/victoryang00/CXLMemSim/artifact/splash_sweep/multigpu_scaling/n7/runs/rq1_N2000.stdout.log
7,erdos_renyi,2000,0.25,A,pointer-sharing,46,45,57,43478260.86956522,/home/victoryang00/CXLMemSim/artifact/splash_sweep/multigpu_scaling/n7/runs/rq1_N2000.stdout.log
7,erdos_renyi,2000,0.25,B,copy-based,987713,952459,1032148,2024.8796968350118,/home/victoryang00/CXLMemSim/artifact/splash_sweep/multigpu_scaling/n7/runs/rq1_N2000.stdout.log
7,erdos_renyi,2000,0.5,A,pointer-sharing,48,41,57,41666666.666666664,/home/victoryang00/CXLMemSim/artifact/splash_sweep/multigpu_scaling/n7/runs/rq1_N2000.stdout.log
7,erdos_renyi,2000,0.5,B,copy-based,967866,964612,974963,2066.401753961809,/home/victoryang00/CXLMemSim/artifact/splash_sweep/multigpu_scaling/n7/runs/rq1_N2000.stdout.log
7,erdos_renyi,2000,0.75,A,pointer-sharing,44,41,48,45454545.45454545,/home/victoryang00/CXLMemSim/artifact/splash_sweep/multigpu_scaling/n7/runs/rq1_N2000.stdout.log
7,erdos_renyi,2000,0.75,B,copy-based,955941,954734,960606,2092.179329059011,/home/victoryang00/CXLMemSim/artifact/splash_sweep/multigpu_scaling/n7/runs/rq1_N2000.stdout.log
7,erdos_renyi,2000,1.0,A,pointer-sharing,44,42,52,45454545.45454545,/home/victoryang00/CXLMemSim/artifact/splash_sweep/multigpu_scaling/n7/runs/rq1_N2000.stdout.log
7,erdos_renyi,2000,1.0,B,copy-based,966436,956147,979911,2069.4593330546463,/home/victoryang00/CXLMemSim/artifact/splash_sweep/multigpu_scaling/n7/runs/rq1_N2000.stdout.log
7,barabasi_albert,2000,0.0,A,pointer-sharing,45,44,51,44444444.44444445,/home/victoryang00/CXLMemSim/artifact/splash_sweep/multigpu_scaling/n7/runs/rq1_N2000.stdout.log
7,barabasi_albert,2000,0.0,B,copy-based,947553,947185,948156,2110.6998764185223,/home/victoryang00/CXLMemSim/artifact/splash_sweep/multigpu_scaling/n7/runs/rq1_N2000.stdout.log
7,barabasi_albert,2000,0.25,A,pointer-sharing,45,43,51,44444444.44444445,/home/victoryang00/CXLMemSim/artifact/splash_sweep/multigpu_scaling/n7/runs/rq1_N2000.stdout.log
7,barabasi_albert,2000,0.25,B,copy-based,951649,948321,963981,2101.615196359162,/home/victoryang00/CXLMemSim/artifact/splash_sweep/multigpu_scaling/n7/runs/rq1_N2000.stdout.log
7,barabasi_albert,2000,0.5,A,pointer-sharing,45,43,51,44444444.44444445,/home/victoryang00/CXLMemSim/artifact/splash_sweep/multigpu_scaling/n7/runs/rq1_N2000.stdout.log
7,barabasi_albert,2000,0.5,B,copy-based,950689,948796,970520,2103.7373946684984,/home/victoryang00/CXLMemSim/artifact/splash_sweep/multigpu_scaling/n7/runs/rq1_N2000.stdout.log
7,barabasi_albert,2000,0.75,A,pointer-sharing,45,43,49,44444444.44444445,/home/victoryang00/CXLMemSim/artifact/splash_sweep/multigpu_scaling/n7/runs/rq1_N2000.stdout.log
7,barabasi_albert,2000,0.75,B,copy-based,950039,948430,982176,2105.1767348498324,/home/victoryang00/CXLMemSim/artifact/splash_sweep/multigpu_scaling/n7/runs/rq1_N2000.stdout.log
7,barabasi_albert,2000,1.0,A,pointer-sharing,45,44,52,44444444.44444445,/home/victoryang00/CXLMemSim/artifact/splash_sweep/multigpu_scaling/n7/runs/rq1_N2000.stdout.log
7,barabasi_albert,2000,1.0,B,copy-based,952765,951729,978963,2099.153516344534,/home/victoryang00/CXLMemSim/artifact/splash_sweep/multigpu_scaling/n7/runs/rq1_N2000.stdout.log
8,erdos_renyi,2000,0.0,A,pointer-sharing,44,42,53,45454545.45454545,/home/victoryang00/CXLMemSim/artifact/splash_sweep/multigpu_scaling/n8/runs/rq1_N2000.stdout.log
8,erdos_renyi,2000,0.0,B,copy-based,983109,967534,1036989,2034.362415561245,/home/victoryang00/CXLMemSim/artifact/splash_sweep/multigpu_scaling/n8/runs/rq1_N2000.stdout.log
8,erdos_renyi,2000,0.25,A,pointer-sharing,43,40,61,46511627.906976745,/home/victoryang00/CXLMemSim/artifact/splash_sweep/multigpu_scaling/n8/runs/rq1_N2000.stdout.log
8,erdos_renyi,2000,0.25,B,copy-based,999563,985386,1079262,2000.87438210498,/home/victoryang00/CXLMemSim/artifact/splash_sweep/multigpu_scaling/n8/runs/rq1_N2000.stdout.log
8,erdos_renyi,2000,0.5,A,pointer-sharing,44,41,58,45454545.45454545,/home/victoryang00/CXLMemSim/artifact/splash_sweep/multigpu_scaling/n8/runs/rq1_N2000.stdout.log
8,erdos_renyi,2000,0.5,B,copy-based,967490,965007,991221,2067.2048289904806,/home/victoryang00/CXLMemSim/artifact/splash_sweep/multigpu_scaling/n8/runs/rq1_N2000.stdout.log
8,erdos_renyi,2000,0.75,A,pointer-sharing,44,41,49,45454545.45454545,/home/victoryang00/CXLMemSim/artifact/splash_sweep/multigpu_scaling/n8/runs/rq1_N2000.stdout.log
8,erdos_renyi,2000,0.75,B,copy-based,962999,961755,978633,2076.8453549796,/home/victoryang00/CXLMemSim/artifact/splash_sweep/multigpu_scaling/n8/runs/rq1_N2000.stdout.log
8,erdos_renyi,2000,1.0,A,pointer-sharing,44,42,54,45454545.45454545,/home/victoryang00/CXLMemSim/artifact/splash_sweep/multigpu_scaling/n8/runs/rq1_N2000.stdout.log
8,erdos_renyi,2000,1.0,B,copy-based,961985,961179,976226,2079.034496379881,/home/victoryang00/CXLMemSim/artifact/splash_sweep/multigpu_scaling/n8/runs/rq1_N2000.stdout.log
8,barabasi_albert,2000,0.0,A,pointer-sharing,45,44,51,44444444.44444445,/home/victoryang00/CXLMemSim/artifact/splash_sweep/multigpu_scaling/n8/runs/rq1_N2000.stdout.log
8,barabasi_albert,2000,0.0,B,copy-based,959191,959028,959931,2085.0904564367265,/home/victoryang00/CXLMemSim/artifact/splash_sweep/multigpu_scaling/n8/runs/rq1_N2000.stdout.log
8,barabasi_albert,2000,0.25,A,pointer-sharing,45,43,51,44444444.44444445,/home/victoryang00/CXLMemSim/artifact/splash_sweep/multigpu_scaling/n8/runs/rq1_N2000.stdout.log
8,barabasi_albert,2000,0.25,B,copy-based,973570,960428,1076058,2054.2950173074355,/home/victoryang00/CXLMemSim/artifact/splash_sweep/multigpu_scaling/n8/runs/rq1_N2000.stdout.log
8,barabasi_albert,2000,0.5,A,pointer-sharing,45,44,51,44444444.44444445,/home/victoryang00/CXLMemSim/artifact/splash_sweep/multigpu_scaling/n8/runs/rq1_N2000.stdout.log
8,barabasi_albert,2000,0.5,B,copy-based,962892,959430,973678,2077.0761414571934,/home/victoryang00/CXLMemSim/artifact/splash_sweep/multigpu_scaling/n8/runs/rq1_N2000.stdout.log
8,barabasi_albert,2000,0.75,A,pointer-sharing,45,44,49,44444444.44444445,/home/victoryang00/CXLMemSim/artifact/splash_sweep/multigpu_scaling/n8/runs/rq1_N2000.stdout.log
8,barabasi_albert,2000,0.75,B,copy-based,999123,993431,999209,2001.7555396082364,/home/victoryang00/CXLMemSim/artifact/splash_sweep/multigpu_scaling/n8/runs/rq1_N2000.stdout.log
8,barabasi_albert,2000,1.0,A,pointer-sharing,45,43,56,44444444.44444445,/home/victoryang00/CXLMemSim/artifact/splash_sweep/multigpu_scaling/n8/runs/rq1_N2000.stdout.log
8,barabasi_albert,2000,1.0,B,copy-based,988711,978286,994892,2022.8357932702277,/home/victoryang00/CXLMemSim/artifact/splash_sweep/multigpu_scaling/n8/runs/rq1_N2000.stdout.log
